{
  "type": "minecraft:stonecutting",
  "ingredient": {
    "item": "minecraft:andesite_stairs"
  },
  "result": {
    "count": 6,
    "id": "minecraft:player_head",
    "components": {
      "custom_name": "{'text': 'Mini Andesite', 'color': 'white', 'italic': false}",
      "note_block_sound": "minecraft:block.stone.hit",
      "profile": {
        "properties": [
          {
            "name": "textures",
            "value": "eyJ0ZXh0dXJlcyI6eyJTS0lOIjp7InVybCI6Imh0dHA6Ly90ZXh0dXJlcy5taW5lY3JhZnQubmV0L3RleHR1cmUvYmM1ZTE2Yzc2MWUwYWFhMmRkNTI4OWU0M2Y1MmNjNDcxNTY3Y2Q4ZjhjOGE0NzVhNGIyOTBhZWU4Y2ZhNDUzOCJ9fX0="
          }
        ]
      }
    }
  }
}