{
  "type": "minecraft:stonecutting",
  "ingredient": {
    "item": "minecraft:azalea_leaves"
  },
  "result": {
    "count": 8,
    "id": "minecraft:player_head",
    "components": {
      "custom_name": "{'text': 'Mini Azalea Leaves', 'color': 'white', 'italic': false}",
      "note_block_sound": "minecraft:block.azalea_leaves.hit",
      "profile": {
        "properties": [
          {
            "name": "textures",
            "value": "eyJ0ZXh0dXJlcyI6eyJTS0lOIjp7InVybCI6Imh0dHA6Ly90ZXh0dXJlcy5taW5lY3JhZnQubmV0L3RleHR1cmUvOGRhNjI1ZGNmYmZiODc1NTZmZTk0NjI3MWQ4YWIwMWFhZjAyYmE2ODFmNTY3MzcyZDA1NjI4NmI3YTAyYmIxZiJ9fX0="
          }
        ]
      }
    }
  }
}