{
  "type": "minecraft:stonecutting",
  "ingredient": {
    "item": "minecraft:beacon"
  },
  "result": {
    "count": 8,
    "id": "minecraft:player_head",
    "components": {
      "custom_name": "{'text': 'Mini Beacon', 'color': 'white', 'italic': false}",
      "note_block_sound": "minecraft:block.beacon.ambient",
      "profile": {
        "properties": [
          {
            "name": "textures",
            "value": "eyJ0ZXh0dXJlcyI6eyJTS0lOIjp7InVybCI6Imh0dHA6Ly90ZXh0dXJlcy5taW5lY3JhZnQubmV0L3RleHR1cmUvMzUyNzIzYWEwNjM3ZWE1MjA0NDQ3YmU1MzYxNTFmNTI5ZmU0OTA2ODI2ZDhjMDY2YzRkY2M1MDA3OWE2NDQ2NSJ9fX0="
          }
        ]
      }
    }
  }
}