{
  "type": "minecraft:stonecutting",
  "ingredient": {
    "item": "minecraft:beehive"
  },
  "result": {
    "count": 8,
    "id": "minecraft:player_head",
    "components": {
      "custom_name": "{'text': 'Mini Beehive', 'color': 'white', 'italic': false}",
      "note_block_sound": "minecraft:block.beehive.work",
      "profile": {
        "properties": [
          {
            "name": "textures",
            "value": "eyJ0ZXh0dXJlcyI6eyJTS0lOIjp7InVybCI6Imh0dHA6Ly90ZXh0dXJlcy5taW5lY3JhZnQubmV0L3RleHR1cmUvOGNlMGQzY2E1YzExMzY3MjRiNzg3ODdlMGE1NDc3NTNkYzhlOTk2OTY1MWU3YzZlZTNkZmU0MmI3OGZiMThjZiJ9fX0="
          }
        ]
      }
    }
  }
}