{
  "type": "minecraft:stonecutting",
  "ingredient": {
    "item": "minecraft:birch_stairs"
  },
  "result": {
    "count": 6,
    "id": "minecraft:player_head",
    "components": {
      "custom_name": "{'text': 'Mini Birch Planks', 'color': 'white', 'italic': false}",
      "note_block_sound": "minecraft:block.wood.hit",
      "profile": {
        "properties": [
          {
            "name": "textures",
            "value": "eyJ0ZXh0dXJlcyI6eyJTS0lOIjp7InVybCI6Imh0dHA6Ly90ZXh0dXJlcy5taW5lY3JhZnQubmV0L3RleHR1cmUvNmNjODg4NzczZTlkMTFjYzhhYjE0ZmM4OGUwY2ZmOTRjY2IxNmM4OWE1OGZlYzE4MWUyMmYwZmIxOTRiYjlmZCJ9fX0="
          }
        ]
      }
    }
  }
}