{
  "type": "minecraft:stonecutting",
  "ingredient": {
    "item": "minecraft:birch_log"
  },
  "result": {
    "count": 8,
    "id": "minecraft:player_head",
    "components": {
      "custom_name": "{'text': 'Mini Birch Log', 'color': 'white', 'italic': false}",
      "note_block_sound": "minecraft:block.wood.hit",
      "profile": {
        "properties": [
          {
            "name": "textures",
            "value": "eyJ0ZXh0dXJlcyI6eyJTS0lOIjp7InVybCI6Imh0dHA6Ly90ZXh0dXJlcy5taW5lY3JhZnQubmV0L3RleHR1cmUvNmM0MDExOTliNzgzMzAwY2JkOWNiMWNlYWNmYTVlMjkzZmU3NTc1Nzc2MTg4Y2Q1YWE2Y2E4YmZmYjhlMmY1NyJ9fX0="
          }
        ]
      }
    }
  }
}