{
  "type": "minecraft:stonecutting",
  "ingredient": {
    "item": "minecraft:blue_concrete_powder"
  },
  "result": {
    "count": 8,
    "id": "minecraft:player_head",
    "components": {
      "custom_name": "{'text': 'Mini Blue Concrete Powder', 'color': 'white', 'italic': false}",
      "note_block_sound": "minecraft:block.sand.hit",
      "profile": {
        "properties": [
          {
            "name": "textures",
            "value": "eyJ0ZXh0dXJlcyI6eyJTS0lOIjp7InVybCI6Imh0dHA6Ly90ZXh0dXJlcy5taW5lY3JhZnQubmV0L3RleHR1cmUvMWRhNzZkNmRkY2RiYjQ5NzMzMzIxNTU3OTZjMDMwY2ZhMmZlODU1Y2U1MzllODEzZTU4OGM2MWQ0ZDZiY2E1YyJ9fX0="
          }
        ]
      }
    }
  }
}