{
  "type": "minecraft:stonecutting",
  "ingredient": {
    "item": "minecraft:blue_glazed_terracotta"
  },
  "result": {
    "count": 8,
    "id": "minecraft:player_head",
    "components": {
      "custom_name": "{'text': 'Mini Blue Glazed Terracotta', 'color': 'white', 'italic': false}",
      "note_block_sound": "minecraft:block.stone.hit",
      "profile": {
        "properties": [
          {
            "name": "textures",
            "value": "eyJ0ZXh0dXJlcyI6eyJTS0lOIjp7InVybCI6Imh0dHA6Ly90ZXh0dXJlcy5taW5lY3JhZnQubmV0L3RleHR1cmUvNjgxZTM3NjMyMjE4OGIxZTk4ODMwOWY5OWEwMTVkOTQ5YjY4ZmZlOWM5ZDczY2I5NzgxMzUzOGQwODY0ODk3ZSJ9fX0="
          }
        ]
      }
    }
  }
}