{
  "type": "minecraft:stonecutting",
  "ingredient": {
    "item": "minecraft:blue_concrete"
  },
  "result": {
    "count": 8,
    "id": "minecraft:player_head",
    "components": {
      "custom_name": "{'text': 'Mini Blue Concrete', 'color': 'white', 'italic': false}",
      "note_block_sound": "minecraft:block.stone.hit",
      "profile": {
        "properties": [
          {
            "name": "textures",
            "value": "eyJ0ZXh0dXJlcyI6eyJTS0lOIjp7InVybCI6Imh0dHA6Ly90ZXh0dXJlcy5taW5lY3JhZnQubmV0L3RleHR1cmUvNTdjN2EyOTcxMDNkYjA4NGFmNjI3M2I4Nzk4MDVhZmM4NTc3Y2M4MmM3NTJhYzI2NmNmOGQ3YTZlZWE2MCJ9fX0="
          }
        ]
      }
    }
  }
}