{
  "type": "minecraft:stonecutting",
  "ingredient": {
    "item": "minecraft:bookshelf"
  },
  "result": {
    "count": 8,
    "id": "minecraft:player_head",
    "components": {
      "custom_name": "{'text': 'Mini Bookshelf', 'color': 'white', 'italic': false}",
      "note_block_sound": "minecraft:block.wood.hit",
      "profile": {
        "properties": [
          {
            "name": "textures",
            "value": "eyJ0ZXh0dXJlcyI6eyJTS0lOIjp7InVybCI6Imh0dHA6Ly90ZXh0dXJlcy5taW5lY3JhZnQubmV0L3RleHR1cmUvNjlmNzE0OWM4Y2ViNzljMDQzNTBhYWMwMzRlZjcyNDUwN2E3M2ZhZjljNjM5OWU3OTc2YThkZTVhMTk3MGRkNCJ9fX0="
          }
        ]
      }
    }
  }
}