{
  "type": "minecraft:stonecutting",
  "ingredient": {
    "item": "minecraft:brick_stairs"
  },
  "result": {
    "count": 6,
    "id": "minecraft:player_head",
    "components": {
      "custom_name": "{'text': 'Mini Bricks', 'color': 'white', 'italic': false}",
      "note_block_sound": "minecraft:block.stone.hit",
      "profile": {
        "properties": [
          {
            "name": "textures",
            "value": "eyJ0ZXh0dXJlcyI6eyJTS0lOIjp7InVybCI6Imh0dHA6Ly90ZXh0dXJlcy5taW5lY3JhZnQubmV0L3RleHR1cmUvNGQ2YWJjY2RmZGI1MjMxZjc0NzEwZDc3OGMyMDg0ZjRjOGU0Y2Q2OTEzYTcwZThhNzIxM2FkYjYzOTE5MjUyNyJ9fX0="
          }
        ]
      }
    }
  }
}