{
  "type": "minecraft:stonecutting",
  "ingredient": {
    "item": "minecraft:calcite"
  },
  "result": {
    "count": 8,
    "id": "minecraft:player_head",
    "components": {
      "custom_name": "{'text': 'Mini Calcite', 'color': 'white', 'italic': false}",
      "note_block_sound": "minecraft:block.calcite.hit",
      "profile": {
        "properties": [
          {
            "name": "textures",
            "value": "eyJ0ZXh0dXJlcyI6eyJTS0lOIjp7InVybCI6Imh0dHA6Ly90ZXh0dXJlcy5taW5lY3JhZnQubmV0L3RleHR1cmUvNDlhYjZlN2IwYzcyNjQ1Y2RiNGEwOWE0Mjk2MDAzZGYyNGM2Y2ZhMWQ4ZDAxMzNiYzhhZTIxMWU5NDg4MDdjMCJ9fX0="
          }
        ]
      }
    }
  }
}