{
  "type": "minecraft:stonecutting",
  "ingredient": {
    "item": "minecraft:cauldron"
  },
  "result": {
    "count": 8,
    "id": "minecraft:player_head",
    "components": {
      "custom_name": "{'text': 'Mini Cauldron', 'color': 'white', 'italic': false}",
      "note_block_sound": "minecraft:entity.villager.work_leatherworker",
      "profile": {
        "properties": [
          {
            "name": "textures",
            "value": "eyJ0ZXh0dXJlcyI6eyJTS0lOIjp7InVybCI6Imh0dHA6Ly90ZXh0dXJlcy5taW5lY3JhZnQubmV0L3RleHR1cmUvNzU3OGFhMmZmNjVhYmRmMGE5NGIxOTc5NWZjMjRlNWQwZjRjNjE2NTMwNDk2YTAwNzA5YTRhYzA0MGUyNDQ5MiJ9fX0="
          }
        ]
      }
    }
  }
}