{
  "type": "minecraft:stonecutting",
  "ingredient": {
    "item": "minecraft:cherry_leaves"
  },
  "result": {
    "count": 8,
    "id": "minecraft:player_head",
    "components": {
      "custom_name": "{'text': 'Mini Cherry Leaves', 'color': 'white', 'italic': false}",
      "note_block_sound": "minecraft:block.cherry_leaves.hit",
      "profile": {
        "properties": [
          {
            "name": "textures",
            "value": "eyJ0ZXh0dXJlcyI6eyJTS0lOIjp7InVybCI6Imh0dHA6Ly90ZXh0dXJlcy5taW5lY3JhZnQubmV0L3RleHR1cmUvNjk4YjM4YWViZTdjNGVkNWM4MTllZTQyM2YzYjQ2YzYwNjg0Y2JkM2VkMGZhNGE5ZmQ1OTNhY2E2M2MwYWM4NSJ9fX0="
          }
        ]
      }
    }
  }
}