{
  "type": "minecraft:stonecutting",
  "ingredient": {
    "item": "minecraft:cherry_log"
  },
  "result": {
    "count": 8,
    "id": "minecraft:player_head",
    "components": {
      "custom_name": "{'text': 'Mini Cherry Log', 'color': 'white', 'italic': false}",
      "note_block_sound": "minecraft:block.cherry_wood.hit",
      "profile": {
        "properties": [
          {
            "name": "textures",
            "value": "eyJ0ZXh0dXJlcyI6eyJTS0lOIjp7InVybCI6Imh0dHA6Ly90ZXh0dXJlcy5taW5lY3JhZnQubmV0L3RleHR1cmUvY2VjNmY4MjVjMDkxMjRiY2NiYjBkY2Q1MjJhOTQzZmYzNmY0N2I2MmVjNzcxM2UwN2JjNTIyODUwZGYxMWI0NSJ9fX0="
          }
        ]
      }
    }
  }
}