{
  "type": "minecraft:stonecutting",
  "ingredient": {
    "item": "minecraft:cherry_wood"
  },
  "result": {
    "count": 8,
    "id": "minecraft:player_head",
    "components": {
      "custom_name": "{'text': 'Mini Cherry Wood', 'color': 'white', 'italic': false}",
      "note_block_sound": "minecraft:block.cherry_wood.hit",
      "profile": {
        "properties": [
          {
            "name": "textures",
            "value": "eyJ0ZXh0dXJlcyI6eyJTS0lOIjp7InVybCI6Imh0dHA6Ly90ZXh0dXJlcy5taW5lY3JhZnQubmV0L3RleHR1cmUvNGJhY2M3NGY0NjdkZmE1NjFjOTA2ZmUwYjk3ZGNjZDM1MTA0YjFhZGFmNzEwMzk2MzU4MTU1YzQxOGE0N2Y5OSJ9fX0="
          }
        ]
      }
    }
  }
}