{
  "type": "minecraft:stonecutting",
  "ingredient": {
    "item": "minecraft:chest"
  },
  "result": {
    "count": 8,
    "id": "minecraft:player_head",
    "components": {
      "custom_name": "{'text': 'Mini Chest', 'color': 'white', 'italic': false}",
      "note_block_sound": "minecraft:block.chest.open",
      "profile": {
        "properties": [
          {
            "name": "textures",
            "value": "eyJ0ZXh0dXJlcyI6eyJTS0lOIjp7InVybCI6Imh0dHA6Ly90ZXh0dXJlcy5taW5lY3JhZnQubmV0L3RleHR1cmUvZDVjNmRjMmJiZjUxYzM2Y2ZjNzcxNDU4NWE2YTU2ODNlZjJiMTRkNDdkOGZmNzE0NjU0YTg5M2Y1ZGE2MjIifX19"
          }
        ]
      }
    }
  }
}