{
  "type": "minecraft:stonecutting",
  "ingredient": {
    "item": "minecraft:chiseled_red_sandstone"
  },
  "result": {
    "count": 8,
    "id": "minecraft:player_head",
    "components": {
      "custom_name": "{'text': 'Mini Chiseled Red Sandstone', 'color': 'white', 'italic': false}",
      "note_block_sound": "minecraft:block.stone.hit",
      "profile": {
        "properties": [
          {
            "name": "textures",
            "value": "eyJ0ZXh0dXJlcyI6eyJTS0lOIjp7InVybCI6Imh0dHA6Ly90ZXh0dXJlcy5taW5lY3JhZnQubmV0L3RleHR1cmUvZmM0NjFlYzBiMWIxMmViMzNhOTdkYWNiN2IxNzMzOTZjYjk3ODFlMjc3OGE2NWRhMzg5OGY5ZjE4NzkyNjdmMSJ9fX0="
          }
        ]
      }
    }
  }
}