{
  "type": "minecraft:stonecutting",
  "ingredient": {
    "item": "minecraft:chiseled_nether_bricks"
  },
  "result": {
    "count": 8,
    "id": "minecraft:player_head",
    "components": {
      "custom_name": "{'text': 'Mini Chiseled Nether Bricks', 'color': 'white', 'italic': false}",
      "note_block_sound": "minecraft:block.nether_bricks.hit",
      "profile": {
        "properties": [
          {
            "name": "textures",
            "value": "eyJ0ZXh0dXJlcyI6eyJTS0lOIjp7InVybCI6Imh0dHA6Ly90ZXh0dXJlcy5taW5lY3JhZnQubmV0L3RleHR1cmUvNTMxODBjYjA4MmQ5MTBjNjIwOGQ0M2FjNjE5ZmNiMGI2NTRhYjZmNzBmZDgxYzM1OTkxZmNhMjFhYWI5MDhjMSJ9fX0="
          }
        ]
      }
    }
  }
}