{
  "type": "minecraft:stonecutting",
  "ingredient": {
    "item": "minecraft:chiseled_stone_bricks"
  },
  "result": {
    "count": 8,
    "id": "minecraft:player_head",
    "components": {
      "custom_name": "{'text': 'Mini Chiseled Stone Bricks', 'color': 'white', 'italic': false}",
      "note_block_sound": "minecraft:block.stone.hit",
      "profile": {
        "properties": [
          {
            "name": "textures",
            "value": "eyJ0ZXh0dXJlcyI6eyJTS0lOIjp7InVybCI6Imh0dHA6Ly90ZXh0dXJlcy5taW5lY3JhZnQubmV0L3RleHR1cmUvNTBlYzk0MDZhYzA4NWNkOTU3OGRlYWIzMGNkNzQ2NzA0NmVmYzQyZjU4MjEyZmI4Mjg0MzllZTg4NWYxYmUxMyJ9fX0="
          }
        ]
      }
    }
  }
}