{
  "type": "minecraft:stonecutting",
  "ingredient": {
    "item": "minecraft:chorus_flower"
  },
  "result": {
    "count": 8,
    "id": "minecraft:player_head",
    "components": {
      "custom_name": "{'text': 'Mini Chorus Plant', 'color': 'white', 'italic': false}",
      "note_block_sound": "minecraft:block.wood.hit",
      "profile": {
        "properties": [
          {
            "name": "textures",
            "value": "eyJ0ZXh0dXJlcyI6eyJTS0lOIjp7InVybCI6Imh0dHA6Ly90ZXh0dXJlcy5taW5lY3JhZnQubmV0L3RleHR1cmUvZGYzMDU5MGQyMDBhODdhOTZmODBjOTZjYTJlMGIzODczNWE4YTU5MDc2NGEwMjc3NGQ2MGQ4YjUzN2ZlZDVmZiJ9fX0="
          }
        ]
      }
    }
  }
}