{
  "type": "minecraft:stonecutting",
  "ingredient": {
    "item": "minecraft:cobblestone_slab"
  },
  "result": {
    "count": 4,
    "id": "minecraft:player_head",
    "components": {
      "custom_name": "{'text': 'Mini Cobblestone', 'color': 'white', 'italic': false}",
      "note_block_sound": "minecraft:block.stone.hit",
      "profile": {
        "properties": [
          {
            "name": "textures",
            "value": "eyJ0ZXh0dXJlcyI6eyJTS0lOIjp7InVybCI6Imh0dHA6Ly90ZXh0dXJlcy5taW5lY3JhZnQubmV0L3RleHR1cmUvMzNkNTFmNGQwNjA5OGJiMWY0Y2VmZjYxOWM2ZGRjYTk3NmZjNzBlOWY4ODcxZWJlZTRlZWY2NTgwY2Y3NmIwZiJ9fX0="
          }
        ]
      }
    }
  }
}