{
  "type": "minecraft:stonecutting",
  "ingredient": {
    "item": "minecraft:cobbled_deepslate_stairs"
  },
  "result": {
    "count": 6,
    "id": "minecraft:player_head",
    "components": {
      "custom_name": "{'text': 'Mini Cobbled Deepslate', 'color': 'white', 'italic': false}",
      "note_block_sound": "minecraft:block.deepslate.hit",
      "profile": {
        "properties": [
          {
            "name": "textures",
            "value": "eyJ0ZXh0dXJlcyI6eyJTS0lOIjp7InVybCI6Imh0dHA6Ly90ZXh0dXJlcy5taW5lY3JhZnQubmV0L3RleHR1cmUvMzAxMDFkMDEzNzk3MTJhYTZiMWE5ODg5ZmE2NmU0ZDA1OTE2MWUyZTM1ZDk1YThlYTQ4MzQ3ZDY4N2QwODYzOCJ9fX0="
          }
        ]
      }
    }
  }
}