{
  "type": "minecraft:stonecutting",
  "ingredient": {
    "item": "minecraft:cracked_deepslate_bricks"
  },
  "result": {
    "count": 8,
    "id": "minecraft:player_head",
    "components": {
      "custom_name": "{'text': 'Mini Cracked Deepslate Bricks', 'color': 'white', 'italic': false}",
      "note_block_sound": "minecraft:block.deepslate_bricks.hit",
      "profile": {
        "properties": [
          {
            "name": "textures",
            "value": "eyJ0ZXh0dXJlcyI6eyJTS0lOIjp7InVybCI6Imh0dHA6Ly90ZXh0dXJlcy5taW5lY3JhZnQubmV0L3RleHR1cmUvYjIwMjVjMjdiZDFlNTdmMzI1ZGQwNDFmMDM3OGFkYWZiNDIzNGIzZWI4OTlkZWNiYWFkM2MyOTYzOWE1NzllOCJ9fX0="
          }
        ]
      }
    }
  }
}