{
  "type": "minecraft:stonecutting",
  "ingredient": {
    "item": "minecraft:crafting_table"
  },
  "result": {
    "count": 8,
    "id": "minecraft:player_head",
    "components": {
      "custom_name": "{'text': 'Mini Crafting Table', 'color': 'white', 'italic': false}",
      "note_block_sound": "minecraft:block.wood.hit",
      "profile": {
        "properties": [
          {
            "name": "textures",
            "value": "eyJ0ZXh0dXJlcyI6eyJTS0lOIjp7InVybCI6Imh0dHA6Ly90ZXh0dXJlcy5taW5lY3JhZnQubmV0L3RleHR1cmUvNWU2YWIzZmRjMmJjYjA3YWU3NjkwODAxYWUwMGFjMmZmZjU0MmQ3OTMwODk2MWMyYjU3OTM3MGVjZjY1NmMyOSJ9fX0="
          }
        ]
      }
    }
  }
}