{
  "type": "minecraft:stonecutting",
  "ingredient": {
    "item": "minecraft:crimson_nylium"
  },
  "result": {
    "count": 8,
    "id": "minecraft:player_head",
    "components": {
      "custom_name": "{'text': 'Mini Crimson Nylium', 'color': 'white', 'italic': false}",
      "note_block_sound": "minecraft:block.nylium.hit",
      "profile": {
        "properties": [
          {
            "name": "textures",
            "value": "eyJ0ZXh0dXJlcyI6eyJTS0lOIjp7InVybCI6Imh0dHA6Ly90ZXh0dXJlcy5taW5lY3JhZnQubmV0L3RleHR1cmUvMThmMGI4ODQ2YmIyMmMyZGU2ODQ5NDgzYWU1MThmYWZiYmU0NDZhNzM1YTNlODgwNmUwMmYxYTQ3ZmMxNGQ3MCJ9fX0="
          }
        ]
      }
    }
  }
}