{
  "type": "minecraft:stonecutting",
  "ingredient": {
    "item": "minecraft:crimson_stairs"
  },
  "result": {
    "count": 6,
    "id": "minecraft:player_head",
    "components": {
      "custom_name": "{'text': 'Mini Crimson Planks', 'color': 'white', 'italic': false}",
      "note_block_sound": "minecraft:block.nether_wood.hit",
      "profile": {
        "properties": [
          {
            "name": "textures",
            "value": "eyJ0ZXh0dXJlcyI6eyJTS0lOIjp7InVybCI6Imh0dHA6Ly90ZXh0dXJlcy5taW5lY3JhZnQubmV0L3RleHR1cmUvZjlhYWIyZTE3NWE3ZTc3ZTM2NTVmNzY5MmQxYzY1MTczMTZiYTM3ODNiNWQ1ZmM1OWIzNDk1NGZmNmJhNjY1MyJ9fX0="
          }
        ]
      }
    }
  }
}