{
  "type": "minecraft:stonecutting",
  "ingredient": {
    "item": "minecraft:crimson_stem"
  },
  "result": {
    "count": 8,
    "id": "minecraft:player_head",
    "components": {
      "custom_name": "{'text': 'Mini Crimson Stem (Horizontal)', 'color': 'white', 'italic': false}",
      "note_block_sound": "minecraft:block.stem.hit",
      "profile": {
        "properties": [
          {
            "name": "textures",
            "value": "eyJ0ZXh0dXJlcyI6eyJTS0lOIjp7InVybCI6Imh0dHA6Ly90ZXh0dXJlcy5taW5lY3JhZnQubmV0L3RleHR1cmUvYTJlNmJiY2QyMjgyMjU5NGUxNDIyZTM0NWQ4MWVhODEzMjA0ODBmOTBlODU3MzcyY2ZjNDU4NjU3ZDFkNGI0ZiJ9fX0="
          }
        ]
      }
    }
  }
}