{
  "type": "minecraft:stonecutting",
  "ingredient": {
    "item": "minecraft:dark_oak_log"
  },
  "result": {
    "count": 8,
    "id": "minecraft:player_head",
    "components": {
      "custom_name": "{'text': 'Mini Dark Oak Log', 'color': 'white', 'italic': false}",
      "note_block_sound": "minecraft:block.wood.hit",
      "profile": {
        "properties": [
          {
            "name": "textures",
            "value": "eyJ0ZXh0dXJlcyI6eyJTS0lOIjp7InVybCI6Imh0dHA6Ly90ZXh0dXJlcy5taW5lY3JhZnQubmV0L3RleHR1cmUvOGIyZDUzNjA4NjM0OGZkZmMwODExZjljNmY2ZWMxYzBhN2Q2MDUwNzYxZjU5MjFiMmE3YTVkM2EwMDU5ZWMwMCJ9fX0="
          }
        ]
      }
    }
  }
}