{
  "type": "minecraft:stonecutting",
  "ingredient": {
    "item": "minecraft:deepslate_tile_slab"
  },
  "result": {
    "count": 4,
    "id": "minecraft:player_head",
    "components": {
      "custom_name": "{'text': 'Mini Deepslate Tiles', 'color': 'white', 'italic': false}",
      "note_block_sound": "minecraft:block.deepslate_bricks.hit",
      "profile": {
        "properties": [
          {
            "name": "textures",
            "value": "eyJ0ZXh0dXJlcyI6eyJTS0lOIjp7InVybCI6Imh0dHA6Ly90ZXh0dXJlcy5taW5lY3JhZnQubmV0L3RleHR1cmUvZjQwZjUxMGUwYWI4YWYxNWU3MmJlMTI3NjRiZTNmYTQ0Y2Q2NmViZTNlNDllOWIwYTY1N2VhMDFhNTcyOWUwYiJ9fX0="
          }
        ]
      }
    }
  }
}