{
  "type": "minecraft:stonecutting",
  "ingredient": {
    "item": "minecraft:deepslate_emerald_ore"
  },
  "result": {
    "count": 8,
    "id": "minecraft:player_head",
    "components": {
      "custom_name": "{'text': 'Mini Deepslate Emerald Ore', 'color': 'white', 'italic': false}",
      "note_block_sound": "minecraft:block.deepslate.hit",
      "profile": {
        "properties": [
          {
            "name": "textures",
            "value": "eyJ0ZXh0dXJlcyI6eyJTS0lOIjp7InVybCI6Imh0dHA6Ly90ZXh0dXJlcy5taW5lY3JhZnQubmV0L3RleHR1cmUvYTA1NjFjN2E3N2EyOTUyMjg2NTIwZGNhZTA3NjVkNDllZGEyNmRjOWQ0YzQwYmRjNmUwODQ3MzI3NWQ2MDI0MiJ9fX0="
          }
        ]
      }
    }
  }
}