{
  "type": "minecraft:stonecutting",
  "ingredient": {
    "item": "minecraft:deepslate_iron_ore"
  },
  "result": {
    "count": 8,
    "id": "minecraft:player_head",
    "components": {
      "custom_name": "{'text': 'Mini Deepslate Iron Ore', 'color': 'white', 'italic': false}",
      "note_block_sound": "minecraft:block.deepslate.hit",
      "profile": {
        "properties": [
          {
            "name": "textures",
            "value": "eyJ0ZXh0dXJlcyI6eyJTS0lOIjp7InVybCI6Imh0dHA6Ly90ZXh0dXJlcy5taW5lY3JhZnQubmV0L3RleHR1cmUvYzY2NWZmZGZiMjA5YjU4OGYzYTVlYTJkYTZmYzIxZjg0MzQ1ZjQ3ZjMxODQxODk5NjZjZGQwODBhN2RhOWEyOCJ9fX0="
          }
        ]
      }
    }
  }
}