{
  "type": "minecraft:stonecutting",
  "ingredient": {
    "item": "minecraft:deepslate_gold_ore"
  },
  "result": {
    "count": 8,
    "id": "minecraft:player_head",
    "components": {
      "custom_name": "{'text': 'Mini Deepslate Gold Ore', 'color': 'white', 'italic': false}",
      "note_block_sound": "minecraft:block.deepslate.hit",
      "profile": {
        "properties": [
          {
            "name": "textures",
            "value": "eyJ0ZXh0dXJlcyI6eyJTS0lOIjp7InVybCI6Imh0dHA6Ly90ZXh0dXJlcy5taW5lY3JhZnQubmV0L3RleHR1cmUvMTQwYzQwNzM0ZDU1YzIyNWRhMjIwYTMwYzA3NjhjNzAwYmRmYTU2YzE3ZDNhNWViNWZkY2I3NTg2MTliNWUxNyJ9fX0="
          }
        ]
      }
    }
  }
}