{
  "type": "minecraft:stonecutting",
  "ingredient": {
    "item": "minecraft:diamond_ore"
  },
  "result": {
    "count": 8,
    "id": "minecraft:player_head",
    "components": {
      "custom_name": "{'text': 'Mini Diamond Ore', 'color': 'white', 'italic': false}",
      "note_block_sound": "minecraft:block.stone.hit",
      "profile": {
        "properties": [
          {
            "name": "textures",
            "value": "eyJ0ZXh0dXJlcyI6eyJTS0lOIjp7InVybCI6Imh0dHA6Ly90ZXh0dXJlcy5taW5lY3JhZnQubmV0L3RleHR1cmUvMmZiZjBhYzMxNDFkNWI2MzJjYmNkMzY1OWViODE1MmIyOWQ1ZmEwZDA5ZTRiMDhkYmU4MTNhYzg0MWU0MzQ4YiJ9fX0="
          }
        ]
      }
    }
  }
}