{
  "type": "minecraft:stonecutting",
  "ingredient": {
    "item": "minecraft:dirt"
  },
  "result": {
    "count": 8,
    "id": "minecraft:player_head",
    "components": {
      "custom_name": "{'text': 'Mini Dirt', 'color': 'white', 'italic': false}",
      "note_block_sound": "minecraft:block.gravel.hit",
      "profile": {
        "properties": [
          {
            "name": "textures",
            "value": "eyJ0ZXh0dXJlcyI6eyJTS0lOIjp7InVybCI6Imh0dHA6Ly90ZXh0dXJlcy5taW5lY3JhZnQubmV0L3RleHR1cmUvMWFiNDNiOGMzZDM0ZjEyNWU1YTNmOGI5MmNkNDNkZmQxNGM2MjQwMmMzMzI5ODQ2MWQ0ZDRkN2NlMmQzYWVhIn19fQ=="
          }
        ]
      }
    }
  }
}