{
  "type": "minecraft:stonecutting",
  "ingredient": {
    "tag": "mini_blocks:dirt_path_ingredients"
  },
  "result": {
    "count": 8,
    "id": "minecraft:player_head",
    "components": {
      "custom_name": "{'text': 'Mini Dirt Path', 'color': 'white', 'italic': false}",
      "note_block_sound": "minecraft:item.shovel.flatten",
      "profile": {
        "properties": [
          {
            "name": "textures",
            "value": "eyJ0ZXh0dXJlcyI6eyJTS0lOIjp7InVybCI6Imh0dHA6Ly90ZXh0dXJlcy5taW5lY3JhZnQubmV0L3RleHR1cmUvMzVhOWNmZGI3OGFjMWJlYjc4MjNiY2M4N2I3ZTNhZjgyZGFlZTEwYTU3ODM1ZGM0Y2I2MzJiZjFjZWUyMTU4MCJ9fX0="
          }
        ]
      }
    }
  }
}