{
  "type": "minecraft:stonecutting",
  "ingredient": {
    "item": "minecraft:dispenser"
  },
  "result": {
    "count": 8,
    "id": "minecraft:player_head",
    "components": {
      "custom_name": "{'text': 'Mini Dispenser', 'color': 'white', 'italic': false}",
      "note_block_sound": "minecraft:block.dispenser.dispense",
      "profile": {
        "properties": [
          {
            "name": "textures",
            "value": "eyJ0ZXh0dXJlcyI6eyJTS0lOIjp7InVybCI6Imh0dHA6Ly90ZXh0dXJlcy5taW5lY3JhZnQubmV0L3RleHR1cmUvNDkzMzBkZGU0Zjk0MjRiNTBmMzZkNjJjODQzZWZlYWNiY2NmNWRhM2I5Y2UwNGFiZjE0ZTE3NWE5YzRmZGZmYSJ9fX0="
          }
        ]
      }
    }
  }
}