{
  "type": "minecraft:stonecutting",
  "ingredient": {
    "item": "minecraft:enchanting_table"
  },
  "result": {
    "count": 8,
    "id": "minecraft:player_head",
    "components": {
      "custom_name": "{'text': 'Mini Enchanting Table', 'color': 'white', 'italic': false}",
      "note_block_sound": "minecraft:block.enchantment_table.use",
      "profile": {
        "properties": [
          {
            "name": "textures",
            "value": "eyJ0ZXh0dXJlcyI6eyJTS0lOIjp7InVybCI6Imh0dHA6Ly90ZXh0dXJlcy5taW5lY3JhZnQubmV0L3RleHR1cmUvZTU2OTYzNzNhMTg3ZTZkMmRkY2RmMWQ2Nzc3NGNiMTFmM2E1MmE5NzY3YTA4NDU4OWIyM2YxOWE3ZjIzYTcxYSJ9fX0="
          }
        ]
      }
    }
  }
}