{
  "type": "minecraft:stonecutting",
  "ingredient": {
    "item": "minecraft:ender_chest"
  },
  "result": {
    "count": 8,
    "id": "minecraft:player_head",
    "components": {
      "custom_name": "{'text': 'Mini Ender Chest', 'color': 'white', 'italic': false}",
      "note_block_sound": "minecraft:block.ender_chest.open",
      "profile": {
        "properties": [
          {
            "name": "textures",
            "value": "eyJ0ZXh0dXJlcyI6eyJTS0lOIjp7InVybCI6Imh0dHA6Ly90ZXh0dXJlcy5taW5lY3JhZnQubmV0L3RleHR1cmUvYTZjYzQ4NmMyYmUxY2I5ZGZjYjJlNTNkZDlhM2U5YTg4M2JmYWRiMjdjYjk1NmYxODk2ZDYwMmI0MDY3In19fQ=="
          }
        ]
      }
    }
  }
}