{
  "type": "minecraft:stonecutting",
  "ingredient": {
    "item": "minecraft:exposed_copper"
  },
  "result": {
    "count": 8,
    "id": "minecraft:player_head",
    "components": {
      "custom_name": "{'text': 'Mini Exposed Copper', 'color': 'white', 'italic': false}",
      "note_block_sound": "minecraft:block.copper.hit",
      "profile": {
        "properties": [
          {
            "name": "textures",
            "value": "eyJ0ZXh0dXJlcyI6eyJTS0lOIjp7InVybCI6Imh0dHA6Ly90ZXh0dXJlcy5taW5lY3JhZnQubmV0L3RleHR1cmUvNzFlMjE5OTQyNDRiMDI5YWYzODUyMGE3MTM4NDllZDcxZWYyOTU4NmJkMjg2Y2VkMmJhMTY3NWJhNWY0YTQ0ZSJ9fX0="
          }
        ]
      }
    }
  }
}