{
  "type": "minecraft:stonecutting",
  "ingredient": {
    "item": "minecraft:fletching_table"
  },
  "result": {
    "count": 8,
    "id": "minecraft:player_head",
    "components": {
      "custom_name": "{'text': 'Mini Fletching Table', 'color': 'white', 'italic': false}",
      "note_block_sound": "minecraft:block.wood.break",
      "profile": {
        "properties": [
          {
            "name": "textures",
            "value": "eyJ0ZXh0dXJlcyI6eyJTS0lOIjp7InVybCI6Imh0dHA6Ly90ZXh0dXJlcy5taW5lY3JhZnQubmV0L3RleHR1cmUvMTBiNzhlMDk2MTIzNmM4ZGE3N2QyOGZhOWExYzZmMDM5OGViYjI4ZWJmZDdhMTc4M2ViMmI2YzhjNDE2MDM0NiJ9fX0"
          }
        ]
      }
    }
  }
}