{
  "type": "minecraft:stonecutting",
  "ingredient": {
    "item": "minecraft:furnace"
  },
  "result": {
    "count": 8,
    "id": "minecraft:player_head",
    "components": {
      "custom_name": "{'text': 'Mini Furnace', 'color': 'white', 'italic': false}",
      "note_block_sound": "minecraft:block.furnace.fire_crackle",
      "profile": {
        "properties": [
          {
            "name": "textures",
            "value": "eyJ0ZXh0dXJlcyI6eyJTS0lOIjp7InVybCI6Imh0dHA6Ly90ZXh0dXJlcy5taW5lY3JhZnQubmV0L3RleHR1cmUvMTI5NTc3YjhmNDBkNjE0ZDJhODA5NDYxNWRhMTA2OGNmMTJjYjhmNzgzNDU4MzliZDBmN2VhYTc3YjA2ZTI3ZSJ9fX0="
          }
        ]
      }
    }
  }
}