{
  "type": "minecraft:stonecutting",
  "ingredient": {
    "item": "minecraft:gilded_blackstone"
  },
  "result": {
    "count": 8,
    "id": "minecraft:player_head",
    "components": {
      "custom_name": "{'text': 'Mini Gilded Blackstone', 'color': 'white', 'italic': false}",
      "note_block_sound": "minecraft:block.gilded_blackstone.hit",
      "profile": {
        "properties": [
          {
            "name": "textures",
            "value": "eyJ0ZXh0dXJlcyI6eyJTS0lOIjp7InVybCI6Imh0dHA6Ly90ZXh0dXJlcy5taW5lY3JhZnQubmV0L3RleHR1cmUvYmJiZWQyZmM2MzIxZWM0MTA4MzE2ZjE4NjJjYmYyY2Q4MWYzODlmMjU4N2IxZjUzNjAyNTEzYjdhN2NhNTRhIn19fQ=="
          }
        ]
      }
    }
  }
}