{
  "type": "minecraft:stonecutting",
  "ingredient": {
    "item": "minecraft:gold_ore"
  },
  "result": {
    "count": 8,
    "id": "minecraft:player_head",
    "components": {
      "custom_name": "{'text': 'Mini Gold Ore', 'color': 'white', 'italic': false}",
      "note_block_sound": "minecraft:block.stone.hit",
      "profile": {
        "properties": [
          {
            "name": "textures",
            "value": "eyJ0ZXh0dXJlcyI6eyJTS0lOIjp7InVybCI6Imh0dHA6Ly90ZXh0dXJlcy5taW5lY3JhZnQubmV0L3RleHR1cmUvMzY4OTY5NGM5NzlkMWM0YmM0NDMzZjdkMzM0ZGQzNzM3NjQ0NGQxZmM0MzY2MmFkODdjZDM5ODRlOWI5MTNiYyJ9fX0="
          }
        ]
      }
    }
  }
}