{
  "type": "minecraft:stonecutting",
  "ingredient": {
    "item": "minecraft:green_terracotta"
  },
  "result": {
    "count": 8,
    "id": "minecraft:player_head",
    "components": {
      "custom_name": "{'text': 'Mini Green Terracotta', 'color': 'white', 'italic': false}",
      "note_block_sound": "minecraft:block.stone.hit",
      "profile": {
        "properties": [
          {
            "name": "textures",
            "value": "eyJ0ZXh0dXJlcyI6eyJTS0lOIjp7InVybCI6Imh0dHA6Ly90ZXh0dXJlcy5taW5lY3JhZnQubmV0L3RleHR1cmUvYWZmMTBmYzQ2NWFjODgwMWIxMjQxZjhkZDdlMmQ4ZTA2ZTZjYzI5NTNhNzdiOTM0MmQ2YTY4YTUzNTQ0ZDQ1OCJ9fX0="
          }
        ]
      }
    }
  }
}