{
  "type": "minecraft:stonecutting",
  "ingredient": {
    "item": "minecraft:ice"
  },
  "result": {
    "count": 8,
    "id": "minecraft:player_head",
    "components": {
      "custom_name": "{'text': 'Mini Ice', 'color': 'white', 'italic': false}",
      "note_block_sound": "minecraft:block.glass.break",
      "profile": {
        "properties": [
          {
            "name": "textures",
            "value": "eyJ0ZXh0dXJlcyI6eyJTS0lOIjp7InVybCI6Imh0dHA6Ly90ZXh0dXJlcy5taW5lY3JhZnQubmV0L3RleHR1cmUvNmE2ZWY2Zjk2ZTIyYmYxNDNlZGM3OTE1OTY3YTdjMGEwNDJhMDJjMmM4ZWY1OTk2ZTE1MjA4MjhiMGJlMjY4ZSJ9fX0="
          }
        ]
      }
    }
  }
}