{
  "type": "minecraft:stonecutting",
  "ingredient": {
    "item": "minecraft:lapis_ore"
  },
  "result": {
    "count": 8,
    "id": "minecraft:player_head",
    "components": {
      "custom_name": "{'text': 'Mini Lapis Lazuli Ore', 'color': 'white', 'italic': false}",
      "note_block_sound": "minecraft:block.stone.hit",
      "profile": {
        "properties": [
          {
            "name": "textures",
            "value": "eyJ0ZXh0dXJlcyI6eyJTS0lOIjp7InVybCI6Imh0dHA6Ly90ZXh0dXJlcy5taW5lY3JhZnQubmV0L3RleHR1cmUvZmI4ZDkxMzE4NWU1YTM2NWI5NWE4NThkMmU2Yzk5NDE5ODU2NjM5ZDAzNWRjYmY3N2NkNDQwNDU2MGEyNTM4NCJ9fX0="
          }
        ]
      }
    }
  }
}