{
  "type": "minecraft:stonecutting",
  "ingredient": {
    "item": "minecraft:light_blue_concrete_powder"
  },
  "result": {
    "count": 8,
    "id": "minecraft:player_head",
    "components": {
      "custom_name": "{'text': 'Mini Light Blue Concrete Powder', 'color': 'white', 'italic': false}",
      "note_block_sound": "minecraft:block.sand.hit",
      "profile": {
        "properties": [
          {
            "name": "textures",
            "value": "eyJ0ZXh0dXJlcyI6eyJTS0lOIjp7InVybCI6Imh0dHA6Ly90ZXh0dXJlcy5taW5lY3JhZnQubmV0L3RleHR1cmUvMjllNGEzOTliZWZkOTY3ZWMyODJjNzE5ZmJmZDY0NDg2MzI4MTM3NGRjYjgxMzdhNzJmN2M0ZDAxM2E3M2YifX19"
          }
        ]
      }
    }
  }
}