{
  "type": "minecraft:stonecutting",
  "ingredient": {
    "item": "minecraft:light_gray_wool"
  },
  "result": {
    "count": 8,
    "id": "minecraft:player_head",
    "components": {
      "custom_name": "{'text': 'Mini Light Gray Wool', 'color': 'white', 'italic': false}",
      "note_block_sound": "minecraft:block.wool.hit",
      "profile": {
        "properties": [
          {
            "name": "textures",
            "value": "eyJ0ZXh0dXJlcyI6eyJTS0lOIjp7InVybCI6Imh0dHA6Ly90ZXh0dXJlcy5taW5lY3JhZnQubmV0L3RleHR1cmUvMWNkZTQ0ZThmODBlNTY2MTBjMGZmYzY0YzA4ZTE5NDM1MTdmZGFmODAwZjVlZTc1ZWY2OTg2YzVhODk2NmU5YyJ9fX0="
          }
        ]
      }
    }
  }
}