{
  "type": "minecraft:stonecutting",
  "ingredient": {
    "item": "minecraft:light_blue_glazed_terracotta"
  },
  "result": {
    "count": 8,
    "id": "minecraft:player_head",
    "components": {
      "custom_name": "{'text': 'Mini Light Blue Glazed Terracotta', 'color': 'white', 'italic': false}",
      "note_block_sound": "minecraft:block.stone.hit",
      "profile": {
        "properties": [
          {
            "name": "textures",
            "value": "eyJ0ZXh0dXJlcyI6eyJTS0lOIjp7InVybCI6Imh0dHA6Ly90ZXh0dXJlcy5taW5lY3JhZnQubmV0L3RleHR1cmUvMzFjODk1OTM1MTc0YWM1ZjY0ZWRhZDIxNWNlMGI2YjM4MDEzN2NjNGQxZjM5OWEzZGYxN2RjM2IyZGU0MGJkZSJ9fX0="
          }
        ]
      }
    }
  }
}