{
  "type": "minecraft:stonecutting",
  "ingredient": {
    "item": "minecraft:light_blue_terracotta"
  },
  "result": {
    "count": 8,
    "id": "minecraft:player_head",
    "components": {
      "custom_name": "{'text': 'Mini Light Blue Terracotta', 'color': 'white', 'italic': false}",
      "note_block_sound": "minecraft:block.stone.hit",
      "profile": {
        "properties": [
          {
            "name": "textures",
            "value": "eyJ0ZXh0dXJlcyI6eyJTS0lOIjp7InVybCI6Imh0dHA6Ly90ZXh0dXJlcy5taW5lY3JhZnQubmV0L3RleHR1cmUvOTJjMWZhNGZlZmI5OTRhOGZmNTA2OGI0ZWZkODllYTRmOWU3MjljYzE1Y2I4MWQ3NGM3Yjk2OWQzMzg5MjM4ZiJ9fX0="
          }
        ]
      }
    }
  }
}