{
  "type": "minecraft:stonecutting",
  "ingredient": {
    "item": "minecraft:lime_terracotta"
  },
  "result": {
    "count": 8,
    "id": "minecraft:player_head",
    "components": {
      "custom_name": "{'text': 'Mini Lime Terracotta', 'color': 'white', 'italic': false}",
      "note_block_sound": "minecraft:block.stone.hit",
      "profile": {
        "properties": [
          {
            "name": "textures",
            "value": "eyJ0ZXh0dXJlcyI6eyJTS0lOIjp7InVybCI6Imh0dHA6Ly90ZXh0dXJlcy5taW5lY3JhZnQubmV0L3RleHR1cmUvZjkyNDgyNmI4ODhjY2NmOTQzZThhOTExZWVmZjk0YTg4MmY4MzRkOTI4MjhmNDhkY2FlZjAwZDk4NmE4ZDAyNCJ9fX0="
          }
        ]
      }
    }
  }
}