{
  "type": "minecraft:stonecutting",
  "ingredient": {
    "item": "minecraft:lodestone"
  },
  "result": {
    "count": 8,
    "id": "minecraft:player_head",
    "components": {
      "custom_name": "{'text': 'Mini Lodestone', 'color': 'white', 'italic': false}",
      "note_block_sound": "minecraft:item.lodestone_compass.lock",
      "profile": {
        "properties": [
          {
            "name": "textures",
            "value": "eyJ0ZXh0dXJlcyI6eyJTS0lOIjp7InVybCI6Imh0dHA6Ly90ZXh0dXJlcy5taW5lY3JhZnQubmV0L3RleHR1cmUvYzEzOTUxZmQ4N2M2OGNmOGNhNDdkMThkYWVjYTVhZDNhZDgwNGIyNTE3NmYyYjRlZjQ4YmZjOTY4NmFiODA2NCJ9fX0="
          }
        ]
      }
    }
  }
}