{
  "type": "minecraft:stonecutting",
  "ingredient": {
    "item": "minecraft:mangrove_roots"
  },
  "result": {
    "count": 8,
    "id": "minecraft:player_head",
    "components": {
      "custom_name": "{'text': 'Mini Mangrove Roots', 'color': 'white', 'italic': false}",
      "note_block_sound": "minecraft:block.mangrove_roots.hit",
      "profile": {
        "properties": [
          {
            "name": "textures",
            "value": "eyJ0ZXh0dXJlcyI6eyJTS0lOIjp7InVybCI6Imh0dHA6Ly90ZXh0dXJlcy5taW5lY3JhZnQubmV0L3RleHR1cmUvYzJkOTU0Njk3OTBmOTAwYzYzNTI5YTZkYzQxZGFmODQxNTExZWRjOGE1MGE5MTRjZjc4ODJkNmQ3MDA1OTg3MiJ9fX0="
          }
        ]
      }
    }
  }
}