{
  "type": "minecraft:stonecutting",
  "ingredient": {
    "item": "minecraft:mangrove_log"
  },
  "result": {
    "count": 8,
    "id": "minecraft:player_head",
    "components": {
      "custom_name": "{'text': 'Mini Mangrove Log', 'color': 'white', 'italic': false}",
      "note_block_sound": "minecraft:block.wood.hit",
      "profile": {
        "properties": [
          {
            "name": "textures",
            "value": "eyJ0ZXh0dXJlcyI6eyJTS0lOIjp7InVybCI6Imh0dHA6Ly90ZXh0dXJlcy5taW5lY3JhZnQubmV0L3RleHR1cmUvMzFmYWY2NjM5ZWMwZGMzMDBkYzYzNDgyOGU3Y2M3YjFkYzU4ODMyZmIzNDI3NjQ4NmZjNTRjZDFhNWEwNGRmYiJ9fX0="
          }
        ]
      }
    }
  }
}