{
  "type": "minecraft:stonecutting",
  "ingredient": {
    "item": "minecraft:mangrove_wood"
  },
  "result": {
    "count": 8,
    "id": "minecraft:player_head",
    "components": {
      "custom_name": "{'text': 'Mini Mangrove Wood', 'color': 'white', 'italic': false}",
      "note_block_sound": "minecraft:block.wood.hit",
      "profile": {
        "properties": [
          {
            "name": "textures",
            "value": "eyJ0ZXh0dXJlcyI6eyJTS0lOIjp7InVybCI6Imh0dHA6Ly90ZXh0dXJlcy5taW5lY3JhZnQubmV0L3RleHR1cmUvODY2MjZlMWNiNGZiNTk1Y2MwZjZkYzJiMjAzZWI2ZTllMGQyZmU2NjViY2YyNDI1MDVkZDAyYWE4OTkwNTQ5MSJ9fX0="
          }
        ]
      }
    }
  }
}