{
  "type": "minecraft:stonecutting",
  "ingredient": {
    "item": "minecraft:mangrove_leaves"
  },
  "result": {
    "count": 8,
    "id": "minecraft:player_head",
    "components": {
      "custom_name": "{'text': 'Mini Mangrove Leaves', 'color': 'white', 'italic': false}",
      "note_block_sound": "minecraft:block.grass.hit",
      "profile": {
        "properties": [
          {
            "name": "textures",
            "value": "eyJ0ZXh0dXJlcyI6eyJTS0lOIjp7InVybCI6Imh0dHA6Ly90ZXh0dXJlcy5taW5lY3JhZnQubmV0L3RleHR1cmUvZTdlMTI1NTE5YjMwOWNiYjczNGQyZDJhNjFlMTNlY2MwODYwMWM5NGQ2OTNmODZjOGI2NjhmZTcxN2RkN2VjIn19fQ=="
          }
        ]
      }
    }
  }
}