{
  "type": "minecraft:stonecutting",
  "ingredient": {
    "item": "minecraft:mossy_stone_bricks"
  },
  "result": {
    "count": 8,
    "id": "minecraft:player_head",
    "components": {
      "custom_name": "{'text': 'Mini Mossy Stone Bricks', 'color': 'white', 'italic': false}",
      "note_block_sound": "minecraft:block.stone.hit",
      "profile": {
        "properties": [
          {
            "name": "textures",
            "value": "eyJ0ZXh0dXJlcyI6eyJTS0lOIjp7InVybCI6Imh0dHA6Ly90ZXh0dXJlcy5taW5lY3JhZnQubmV0L3RleHR1cmUvOWY2NTM5N2E3MTA4MWQzNmI3ZjhmODlkYTEwODIzZTIyY2ZjMjM3YmJkMjcyNTgxMTkyMDFlNDQ5OTFlNTQxMiJ9fX0="
          }
        ]
      }
    }
  }
}