{
  "type": "minecraft:stonecutting",
  "ingredient": {
    "item": "minecraft:nether_quartz_ore"
  },
  "result": {
    "count": 8,
    "id": "minecraft:player_head",
    "components": {
      "custom_name": "{'text': 'Mini Nether Quartz Ore', 'color': 'white', 'italic': false}",
      "note_block_sound": "minecraft:block.nether_gold_ore.hit",
      "profile": {
        "properties": [
          {
            "name": "textures",
            "value": "eyJ0ZXh0dXJlcyI6eyJTS0lOIjp7InVybCI6Imh0dHA6Ly90ZXh0dXJlcy5taW5lY3JhZnQubmV0L3RleHR1cmUvZGVhYzNhZmJhNjdhNWJhMTZhOTgzMTM3NDJhODJiMmJkODRkOTFhYzMyYTAyZWE4N2YxNWIxNDZjNzkwZTQ4YiJ9fX0="
          }
        ]
      }
    }
  }
}