{
  "type": "minecraft:stonecutting",
  "ingredient": {
    "item": "minecraft:netherrack"
  },
  "result": {
    "count": 8,
    "id": "minecraft:player_head",
    "components": {
      "custom_name": "{'text': 'Mini Netherrack', 'color': 'white', 'italic': false}",
      "note_block_sound": "minecraft:block.netherrack.hit",
      "profile": {
        "properties": [
          {
            "name": "textures",
            "value": "eyJ0ZXh0dXJlcyI6eyJTS0lOIjp7InVybCI6Imh0dHA6Ly90ZXh0dXJlcy5taW5lY3JhZnQubmV0L3RleHR1cmUvOWZjNDRmN2Y3NmVkMTI0NzJmNzA1ZTk5YmI1ZDc5YTQ0NjUzNGU5ZGMwNmQyMjhiYjYxOTQxYzNmYjg0OTQ3YiJ9fX0="
          }
        ]
      }
    }
  }
}