{
  "type": "minecraft:stonecutting",
  "ingredient": {
    "item": "minecraft:oak_wood"
  },
  "result": {
    "count": 8,
    "id": "minecraft:player_head",
    "components": {
      "custom_name": "{'text': 'Mini Oak Wood', 'color': 'white', 'italic': false}",
      "note_block_sound": "minecraft:block.wood.hit",
      "profile": {
        "properties": [
          {
            "name": "textures",
            "value": "eyJ0ZXh0dXJlcyI6eyJTS0lOIjp7InVybCI6Imh0dHA6Ly90ZXh0dXJlcy5taW5lY3JhZnQubmV0L3RleHR1cmUvZWI1MDhkZjI3YzBjZDJlNWZkN2M5NTUxZjYzZjI5MjNjOWQxYjYzZTU3OWVhZjdiYjg3ZTlkZDc1M2RlYTI2ZCJ9fX0"
          }
        ]
      }
    }
  }
}