{
  "type": "minecraft:stonecutting",
  "ingredient": {
    "item": "minecraft:orange_concrete_powder"
  },
  "result": {
    "count": 8,
    "id": "minecraft:player_head",
    "components": {
      "custom_name": "{'text': 'Mini Orange Concrete Powder', 'color': 'white', 'italic': false}",
      "note_block_sound": "minecraft:block.sand.hit",
      "profile": {
        "properties": [
          {
            "name": "textures",
            "value": "eyJ0ZXh0dXJlcyI6eyJTS0lOIjp7InVybCI6Imh0dHA6Ly90ZXh0dXJlcy5taW5lY3JhZnQubmV0L3RleHR1cmUvODViZWMxNTc0ZGUzNzNkZmI3NzVhYjU4YjJjMWU0NjIxZDkyYzZkYWFjN2M2YTc0ZDc4ZmI3MGZmZjRkMCJ9fX0="
          }
        ]
      }
    }
  }
}