{
  "type": "minecraft:stonecutting",
  "ingredient": {
    "item": "minecraft:orange_shulker_box"
  },
  "result": {
    "count": 8,
    "id": "minecraft:player_head",
    "components": {
      "custom_name": "{'text': 'Mini Orange Shulker Box', 'color': 'white', 'italic': false}",
      "note_block_sound": "minecraft:block.shulker_box.open",
      "profile": {
        "properties": [
          {
            "name": "textures",
            "value": "eyJ0ZXh0dXJlcyI6eyJTS0lOIjp7InVybCI6Imh0dHA6Ly90ZXh0dXJlcy5taW5lY3JhZnQubmV0L3RleHR1cmUvYTgzY2JiN2I5OGUxOTU0ZGQyYzAwN2VhNDU5NzVmYzdmZTFmNmViZWE3YzEyZDc1YTU3OGQwOTYwZjM0OTk2In19fQ=="
          }
        ]
      }
    }
  }
}