{
  "type": "minecraft:stonecutting",
  "ingredient": {
    "item": "minecraft:orange_stained_glass"
  },
  "result": {
    "count": 8,
    "id": "minecraft:player_head",
    "components": {
      "custom_name": "{'text': 'Mini Orange Stained Glass', 'color': 'white', 'italic': false}",
      "note_block_sound": "minecraft:block.glass.break",
      "profile": {
        "properties": [
          {
            "name": "textures",
            "value": "eyJ0ZXh0dXJlcyI6eyJTS0lOIjp7InVybCI6Imh0dHA6Ly90ZXh0dXJlcy5taW5lY3JhZnQubmV0L3RleHR1cmUvY2VkZTBjMmFhNmE3ZDI3MzA3OGU4ZGNjZGVmYzlkZWE0NjVmN2UyYjQ5NTEyOWU2ZGEwNmYzNGE2MTMyOWU1MiJ9fX0="
          }
        ]
      }
    }
  }
}