{
  "type": "minecraft:stonecutting",
  "ingredient": {
    "item": "minecraft:oxidized_copper"
  },
  "result": {
    "count": 8,
    "id": "minecraft:player_head",
    "components": {
      "custom_name": "{'text': 'Mini Oxidized Copper', 'color': 'white', 'italic': false}",
      "note_block_sound": "minecraft:block.copper.hit",
      "profile": {
        "properties": [
          {
            "name": "textures",
            "value": "eyJ0ZXh0dXJlcyI6eyJTS0lOIjp7InVybCI6Imh0dHA6Ly90ZXh0dXJlcy5taW5lY3JhZnQubmV0L3RleHR1cmUvNDhmZDk4NzlmODZlMjI5ZmU4MDNkNjFkOTNlYmVjYTk2M2IyMzIzZmM5YTU5NGIxMjFiMjI5YjVjOTI1NzBlIn19fQ=="
          }
        ]
      }
    }
  }
}