{
  "type": "minecraft:stonecutting",
  "ingredient": {
    "item": "minecraft:ozidized_cut_copper"
  },
  "result": {
    "count": 8,
    "id": "minecraft:player_head",
    "components": {
      "custom_name": "{'text': 'Oxidized Cut Copper', 'color': 'white', 'italic': false}",
      "note_block_sound": "minecraft:block.copper.hit",
      "profile": {
        "properties": [
          {
            "name": "textures",
            "value": "eyJ0ZXh0dXJlcyI6eyJTS0lOIjp7InVybCI6Imh0dHA6Ly90ZXh0dXJlcy5taW5lY3JhZnQubmV0L3RleHR1cmUvYjQ1YTk2ZTZlMGJkMGIxZjRkZDY0MjdiNTVjMmE2MGM5MDUzZmUwMGE2ODI5NTc1MWZkY2E3OThlMGVhZGU0MiJ9fX0="
          }
        ]
      }
    }
  }
}