{
  "type": "minecraft:stonecutting",
  "ingredient": {
    "item": "minecraft:packed_ice"
  },
  "result": {
    "count": 8,
    "id": "minecraft:player_head",
    "components": {
      "custom_name": "{'text': 'Mini Packed Ice', 'color': 'white', 'italic': false}",
      "note_block_sound": "minecraft:block.glass.break",
      "profile": {
        "properties": [
          {
            "name": "textures",
            "value": "eyJ0ZXh0dXJlcyI6eyJTS0lOIjp7InVybCI6Imh0dHA6Ly90ZXh0dXJlcy5taW5lY3JhZnQubmV0L3RleHR1cmUvMzE1NDIyODZkYTAzYWI3ZWVjYzRlNTYyYzNmOGI4YTFjZjc4MWRhMzA4YjA3OWUzYWMzMzE0NTYxYjljMWQ5OSJ9fX0="
          }
        ]
      }
    }
  }
}