{
  "type": "minecraft:stonecutting",
  "ingredient": {
    "item": "minecraft:pink_terracotta"
  },
  "result": {
    "count": 8,
    "id": "minecraft:player_head",
    "components": {
      "custom_name": "{'text': 'Mini Pink Terracotta', 'color': 'white', 'italic': false}",
      "note_block_sound": "minecraft:block.stone.hit",
      "profile": {
        "properties": [
          {
            "name": "textures",
            "value": "eyJ0ZXh0dXJlcyI6eyJTS0lOIjp7InVybCI6Imh0dHA6Ly90ZXh0dXJlcy5taW5lY3JhZnQubmV0L3RleHR1cmUvYzY4YjU0MmQwMGE0NjFhODk3ZDg2MWUzZWZlNDZkNDQ3Njc5MmEwMGNkNzc2YzllOTc0ODdlNGNjOWYzZjg4OCJ9fX0="
          }
        ]
      }
    }
  }
}