{
  "type": "minecraft:stonecutting",
  "ingredient": {
    "item": "minecraft:polished_andesite_slab"
  },
  "result": {
    "count": 4,
    "id": "minecraft:player_head",
    "components": {
      "custom_name": "{'text': 'Mini Polished Andesite', 'color': 'white', 'italic': false}",
      "note_block_sound": "minecraft:block.stone.hit",
      "profile": {
        "properties": [
          {
            "name": "textures",
            "value": "eyJ0ZXh0dXJlcyI6eyJTS0lOIjp7InVybCI6Imh0dHA6Ly90ZXh0dXJlcy5taW5lY3JhZnQubmV0L3RleHR1cmUvNGM3MzVlMjg5MzE5MWRlYzBmN2UxYzkwNDE3YmY4ZmRmODg5N2U4M2FkMDMzYmFiNGQzNDUzNWI3NTA2NzM2ZiJ9fX0="
          }
        ]
      }
    }
  }
}