{
  "type": "minecraft:stonecutting",
  "ingredient": {
    "item": "minecraft:purple_glazed_terracotta"
  },
  "result": {
    "count": 8,
    "id": "minecraft:player_head",
    "components": {
      "custom_name": "{'text': 'Mini Purple Glazed Terracotta', 'color': 'white', 'italic': false}",
      "note_block_sound": "minecraft:block.stone.hit",
      "profile": {
        "properties": [
          {
            "name": "textures",
            "value": "eyJ0ZXh0dXJlcyI6eyJTS0lOIjp7InVybCI6Imh0dHA6Ly90ZXh0dXJlcy5taW5lY3JhZnQubmV0L3RleHR1cmUvNmI3NWU4N2Q1MGNiODk2NmEzYTU2ZjczZDBhMTY2NDI5NDhmZjdkMTQ3OWI3ZDU5MDU0MTU0YmY2YmUwM2NkNCJ9fX0="
          }
        ]
      }
    }
  }
}