{
  "type": "minecraft:stonecutting",
  "ingredient": {
    "item": "minecraft:purple_concrete_powder"
  },
  "result": {
    "count": 8,
    "id": "minecraft:player_head",
    "components": {
      "custom_name": "{'text': 'Mini Purple Concrete Powder', 'color': 'white', 'italic': false}",
      "note_block_sound": "minecraft:block.sand.hit",
      "profile": {
        "properties": [
          {
            "name": "textures",
            "value": "eyJ0ZXh0dXJlcyI6eyJTS0lOIjp7InVybCI6Imh0dHA6Ly90ZXh0dXJlcy5taW5lY3JhZnQubmV0L3RleHR1cmUvNmM0ZGM4MzM4NDE1YjJiOTg5YWI3OTQ5NTk4NmVjNzg5NWFhMDM2NzlkMmJjZGQ2ZDllYmI2MzNiODdmYzQifX19"
          }
        ]
      }
    }
  }
}