{
  "type": "minecraft:stonecutting",
  "ingredient": {
    "item": "minecraft:purpur_pillar"
  },
  "result": {
    "count": 8,
    "id": "minecraft:player_head",
    "components": {
      "custom_name": "{'text': 'Mini Purpur Pillar', 'color': 'white', 'italic': false}",
      "note_block_sound": "minecraft:block.stone.hit",
      "profile": {
        "properties": [
          {
            "name": "textures",
            "value": "eyJ0ZXh0dXJlcyI6eyJTS0lOIjp7InVybCI6Imh0dHA6Ly90ZXh0dXJlcy5taW5lY3JhZnQubmV0L3RleHR1cmUvNDEwMmJiM2U0YzhhYThiNmRlMWQ5ZDBlY2UyNjQ2Yjg0N2MyZWFmOTc4MDFkZGYyMTU3YWZjNWI5Y2FjZjUwMyJ9fX0="
          }
        ]
      }
    }
  }
}