{
  "type": "minecraft:stonecutting",
  "ingredient": {
    "item": "minecraft:quartz_bricks"
  },
  "result": {
    "count": 8,
    "id": "minecraft:player_head",
    "components": {
      "custom_name": "{'text': 'Mini Quartz Bricks', 'color': 'white', 'italic': false}",
      "note_block_sound": "minecraft:block.stone.hit",
      "profile": {
        "properties": [
          {
            "name": "textures",
            "value": "eyJ0ZXh0dXJlcyI6eyJTS0lOIjp7InVybCI6Imh0dHA6Ly90ZXh0dXJlcy5taW5lY3JhZnQubmV0L3RleHR1cmUvMmVmN2Y0NmY5ZGEyNzAyN2RjZmI0NjVjZDc5OTE4ZTU3ODg3YTU4ZmNiYTdmMWZhZGUzOGUzM2IxYmQ2Y2ZkZiJ9fX0="
          }
        ]
      }
    }
  }
}