{
  "type": "minecraft:stonecutting",
  "ingredient": {
    "item": "minecraft:red_wool"
  },
  "result": {
    "count": 8,
    "id": "minecraft:player_head",
    "components": {
      "custom_name": "{'text': 'Mini Red Wool', 'color': 'white', 'italic': false}",
      "note_block_sound": "minecraft:block.wool.hit",
      "profile": {
        "properties": [
          {
            "name": "textures",
            "value": "eyJ0ZXh0dXJlcyI6eyJTS0lOIjp7InVybCI6Imh0dHA6Ly90ZXh0dXJlcy5taW5lY3JhZnQubmV0L3RleHR1cmUvYzNhMDNjMDZmZmUyMzU2Y2UwMGFlZjViNzA4ODc4ZDJmZTQzNjVhOTdiYzRkYWUxZTE1NDJjMjdiMmViMzBkZCJ9fX0="
          }
        ]
      }
    }
  }
}