{
  "type": "minecraft:stonecutting",
  "ingredient": {
    "item": "minecraft:red_concrete"
  },
  "result": {
    "count": 8,
    "id": "minecraft:player_head",
    "components": {
      "custom_name": "{'text': 'Mini Red Concrete', 'color': 'white', 'italic': false}",
      "note_block_sound": "minecraft:block.stone.hit",
      "profile": {
        "properties": [
          {
            "name": "textures",
            "value": "eyJ0ZXh0dXJlcyI6eyJTS0lOIjp7InVybCI6Imh0dHA6Ly90ZXh0dXJlcy5taW5lY3JhZnQubmV0L3RleHR1cmUvNjE4NTZjN2IzNzhkMzUwMjYyMTQzODQzZDFmOWZiYjIxOTExYTcxOTgzYmE3YjM5YTRkNGJhNWI2NmJlZGM2In19fQ=="
          }
        ]
      }
    }
  }
}