{
  "type": "minecraft:stonecutting",
  "ingredient": {
    "item": "minecraft:sculk_shrieker"
  },
  "result": {
    "count": 8,
    "id": "minecraft:player_head",
    "components": {
      "custom_name": "{'text': 'Mini Sculk Shrieker', 'color': 'white', 'italic': false}",
      "note_block_sound": "minecraft:block.sculk_shrieker.shriek",
      "profile": {
        "properties": [
          {
            "name": "textures",
            "value": "eyJ0ZXh0dXJlcyI6eyJTS0lOIjp7InVybCI6Imh0dHA6Ly90ZXh0dXJlcy5taW5lY3JhZnQubmV0L3RleHR1cmUvYmIyZDkxYmJmM2NlNWY5MTQ4ZTczOWVlYjA5NjFmMmJhODRiYTQwNmFkMmNhNjcyNDlhNTUzYjhiODE0MzdhNSJ9fX0="
          }
        ]
      }
    }
  }
}