{
  "type": "minecraft:stonecutting",
  "ingredient": {
    "item": "minecraft:shroomlight"
  },
  "result": {
    "count": 8,
    "id": "minecraft:player_head",
    "components": {
      "custom_name": "{'text': 'Mini Shroomlight', 'color': 'white', 'italic': false}",
      "note_block_sound": "minecraft:block.shroomlight.hit",
      "profile": {
        "properties": [
          {
            "name": "textures",
            "value": "eyJ0ZXh0dXJlcyI6eyJTS0lOIjp7InVybCI6Imh0dHA6Ly90ZXh0dXJlcy5taW5lY3JhZnQubmV0L3RleHR1cmUvZTQ2OTk3ZmQ5M2I1ZWJlNzFmYWUwMWQzZjNmOTc2MGMyMjM4N2FmNjBkN2VkNWRiZDE1YmI2Y2U0MDRjODA5YyJ9fX0="
          }
        ]
      }
    }
  }
}