{
  "type": "minecraft:stonecutting",
  "ingredient": {
    "item": "minecraft:shulker_box"
  },
  "result": {
    "count": 8,
    "id": "minecraft:player_head",
    "components": {
      "custom_name": "{'text': 'Mini Shulker Box', 'color': 'white', 'italic': false}",
      "note_block_sound": "minecraft:block.shulker_box.open",
      "profile": {
        "properties": [
          {
            "name": "textures",
            "value": "eyJ0ZXh0dXJlcyI6eyJTS0lOIjp7InVybCI6Imh0dHA6Ly90ZXh0dXJlcy5taW5lY3JhZnQubmV0L3RleHR1cmUvMzlhYTg4YTA1ZmE1ZjMzYjYzMmU1NWE2NDU1YzE0ZmIwZmEyNzllNjMxNDdmOTc3OGQzOWRmOGY1OGE0NzkyMiJ9fX0="
          }
        ]
      }
    }
  }
}