{
  "type": "minecraft:stonecutting",
  "ingredient": {
    "item": "minecraft:smoker"
  },
  "result": {
    "count": 8,
    "id": "minecraft:player_head",
    "components": {
      "custom_name": "{'text': 'Mini Smoker', 'color': 'white', 'italic': false}",
      "note_block_sound": "minecraft:block.smoker.smoke",
      "profile": {
        "properties": [
          {
            "name": "textures",
            "value": "eyJ0ZXh0dXJlcyI6eyJTS0lOIjp7InVybCI6Imh0dHA6Ly90ZXh0dXJlcy5taW5lY3JhZnQubmV0L3RleHR1cmUvZTgzMWNlODIyN2JiYzdiNzVjMzY4OTQ2NmNlYzRkYWY1ZGEyZDljNTNiYjgzZDExN2E5YmE4OTBkYWVhZjQwNiJ9fX0="
          }
        ]
      }
    }
  }
}