{
  "type": "minecraft:stonecutting",
  "ingredient": {
    "item": "minecraft:smooth_stone_slab"
  },
  "result": {
    "count": 4,
    "id": "minecraft:player_head",
    "components": {
      "custom_name": "{'text': 'Mini Smooth Stone', 'color': 'white', 'italic': false}",
      "note_block_sound": "minecraft:block.stone.hit",
      "profile": {
        "properties": [
          {
            "name": "textures",
            "value": "eyJ0ZXh0dXJlcyI6eyJTS0lOIjp7InVybCI6Imh0dHA6Ly90ZXh0dXJlcy5taW5lY3JhZnQubmV0L3RleHR1cmUvYTU2MjQ2OTc1YmU4MTYxNmE1OWJjZTViNGU5MmJiNjE1ZDA3MjhjZmU0MWJlNmNmYjVmZmRjZGU1NzkyY2IwOCJ9fX0="
          }
        ]
      }
    }
  }
}