{
  "type": "minecraft:stonecutting",
  "ingredient": {
    "item": "minecraft:smooth_sandstone"
  },
  "result": {
    "count": 8,
    "id": "minecraft:player_head",
    "components": {
      "custom_name": "{'text': 'Mini Smooth Sandstone', 'color': 'white', 'italic': false}",
      "note_block_sound": "minecraft:block.stone.hit",
      "profile": {
        "properties": [
          {
            "name": "textures",
            "value": "eyJ0ZXh0dXJlcyI6eyJTS0lOIjp7InVybCI6Imh0dHA6Ly90ZXh0dXJlcy5taW5lY3JhZnQubmV0L3RleHR1cmUvYWI1Mjc5ZTQxMWI1NTg2ODY4ODhjZGU4ZWMwODJhMDFkZmUyMWI3NDYyMDdhZDQ5NGUwNzRmMzZjYmMzMmE1In19fQ=="
          }
        ]
      }
    }
  }
}