{
  "type": "minecraft:stonecutting",
  "ingredient": {
    "item": "minecraft:soul_sand"
  },
  "result": {
    "count": 8,
    "id": "minecraft:player_head",
    "components": {
      "custom_name": "{'text': 'Mini Soul Sand', 'color': 'white', 'italic': false}",
      "note_block_sound": "minecraft:block.soul_sand.hit",
      "profile": {
        "properties": [
          {
            "name": "textures",
            "value": "eyJ0ZXh0dXJlcyI6eyJTS0lOIjp7InVybCI6Imh0dHA6Ly90ZXh0dXJlcy5taW5lY3JhZnQubmV0L3RleHR1cmUvZmQyMTVjMDY5MDI2MDIxMGY5ODFjYTliYjgxZTY0MmIxODgyZWEzYzdiZjgxOTMwYmRhZmZmYjFkYWUxZmM5YSJ9fX0="
          }
        ]
      }
    }
  }
}