{
  "type": "minecraft:stonecutting",
  "ingredient": {
    "item": "minecraft:soul_soil"
  },
  "result": {
    "count": 8,
    "id": "minecraft:player_head",
    "components": {
      "custom_name": "{'text': 'Mini Soul Soil', 'color': 'white', 'italic': false}",
      "note_block_sound": "minecraft:block.soul_soil.hit",
      "profile": {
        "properties": [
          {
            "name": "textures",
            "value": "eyJ0ZXh0dXJlcyI6eyJTS0lOIjp7InVybCI6Imh0dHA6Ly90ZXh0dXJlcy5taW5lY3JhZnQubmV0L3RleHR1cmUvNjk2MTY4MTY4YjYxNTE2NzFhYWNhOGI2ZjIzZjE4YTFlYzUyMWUwNTliY2YxYmUzYjRkYTkwNGY4YzRkNmQ0NCJ9fX0="
          }
        ]
      }
    }
  }
}