{
  "type": "minecraft:stonecutting",
  "ingredient": {
    "item": "minecraft:spruce_stairs"
  },
  "result": {
    "count": 6,
    "id": "minecraft:player_head",
    "components": {
      "custom_name": "{'text': 'Mini Spruce Planks', 'color': 'white', 'italic': false}",
      "note_block_sound": "minecraft:block.wood.hit",
      "profile": {
        "properties": [
          {
            "name": "textures",
            "value": "eyJ0ZXh0dXJlcyI6eyJTS0lOIjp7InVybCI6Imh0dHA6Ly90ZXh0dXJlcy5taW5lY3JhZnQubmV0L3RleHR1cmUvM2VhM2FhZjE5NDQ4MmEzOTc1YTE4ZDFlZWNlMjNjMGIzZWEwZjI1ODcwN2ZhZDc1YzVjYWE3NDUzMjA4OGRiIn19fQ=="
          }
        ]
      }
    }
  }
}