{
  "type": "minecraft:stonecutting",
  "ingredient": {
    "item": "minecraft:spruce_log"
  },
  "result": {
    "count": 8,
    "id": "minecraft:player_head",
    "components": {
      "custom_name": "{'text': 'Mini Spruce Log (Horizontal)', 'color': 'white', 'italic': false}",
      "note_block_sound": "minecraft:block.wood.hit",
      "profile": {
        "properties": [
          {
            "name": "textures",
            "value": "eyJ0ZXh0dXJlcyI6eyJTS0lOIjp7InVybCI6Imh0dHA6Ly90ZXh0dXJlcy5taW5lY3JhZnQubmV0L3RleHR1cmUvNGFjYzU4ODhmMDc2MDQyY2QyMDM0MmM4MzVmOWQ2Y2I4YjgzN2UzNTAyYjRiZWUzYzhkMDI2MDQ4OTFjNzE1NSJ9fX0="
          }
        ]
      }
    }
  }
}