{
  "type": "minecraft:stonecutting",
  "ingredient": {
    "item": "minecraft:spruce_leaves"
  },
  "result": {
    "count": 8,
    "id": "minecraft:player_head",
    "components": {
      "custom_name": "{'text': 'Mini Spruce Leaves', 'color': 'white', 'italic': false}",
      "note_block_sound": "minecraft:block.grass.hit",
      "profile": {
        "properties": [
          {
            "name": "textures",
            "value": "eyJ0ZXh0dXJlcyI6eyJTS0lOIjp7InVybCI6Imh0dHA6Ly90ZXh0dXJlcy5taW5lY3JhZnQubmV0L3RleHR1cmUvODY1YzlhYTdiODY2OTE5N2VhNDEzZDk4NzUzZGY0MjAxOWIyOThmN2Y5NWI3NzllZWJmOWM4YTUyZGVmZGM0NyJ9fX0="
          }
        ]
      }
    }
  }
}