{
  "type": "minecraft:stonecutting",
  "ingredient": {
    "item": "minecraft:spruce_wood"
  },
  "result": {
    "count": 8,
    "id": "minecraft:player_head",
    "components": {
      "custom_name": "{'text': 'Mini Spruce Wood', 'color': 'white', 'italic': false}",
      "note_block_sound": "minecraft:block.wood.hit",
      "profile": {
        "properties": [
          {
            "name": "textures",
            "value": "eyJ0ZXh0dXJlcyI6eyJTS0lOIjp7InVybCI6Imh0dHA6Ly90ZXh0dXJlcy5taW5lY3JhZnQubmV0L3RleHR1cmUvZmFmMDVjNGU0MjI0ZmRkZDBiNTAyYTFlNjc5NGNjM2U1ZjFmYWRmYzU0MDdkYTUzMzhhODI1YzA0YWU5Y2VkMSJ9fX0="
          }
        ]
      }
    }
  }
}