{
  "type": "minecraft:stonecutting",
  "ingredient": {
    "item": "minecraft:sticky_piston"
  },
  "result": {
    "count": 8,
    "id": "minecraft:player_head",
    "components": {
      "custom_name": "{'text': 'Mini Sticky Piston', 'color': 'white', 'italic': false}",
      "note_block_sound": "minecraft:block.piston.extend",
      "profile": {
        "properties": [
          {
            "name": "textures",
            "value": "eyJ0ZXh0dXJlcyI6eyJTS0lOIjp7InVybCI6Imh0dHA6Ly90ZXh0dXJlcy5taW5lY3JhZnQubmV0L3RleHR1cmUvMTBmN2Y5YTgwNTk0ZGMyMGU4YWEzZDQ5YTZmMGQwMzkzYTM5Y2I5N2IzNjljOTZlZDkzM2U0Zjk2MTBhZjliZSJ9fX0="
          }
        ]
      }
    }
  }
}