{
  "type": "minecraft:stonecutting",
  "ingredient": {
    "item": "minecraft:stone"
  },
  "result": {
    "count": 8,
    "id": "minecraft:player_head",
    "components": {
      "custom_name": "{'text': 'Mini Stone', 'color': 'white', 'italic': false}",
      "note_block_sound": "minecraft:block.stone.hit",
      "profile": {
        "properties": [
          {
            "name": "textures",
            "value": "eyJ0ZXh0dXJlcyI6eyJTS0lOIjp7InVybCI6Imh0dHA6Ly90ZXh0dXJlcy5taW5lY3JhZnQubmV0L3RleHR1cmUvY2MwOTMwYTFiZWMyNDg3ZjZhNmNiOTY0ZDczMTNmYjBhYmQwNDU5OWQ3NmZmNjUxOGQ5NzdlODNkNDYxMzg0OCJ9fX0="
          }
        ]
      }
    }
  }
}