{
  "type": "minecraft:stonecutting",
  "ingredient": {
    "item": "minecraft:stripped_warped_stem"
  },
  "result": {
    "count": 8,
    "id": "minecraft:player_head",
    "components": {
      "custom_name": "{'text': 'Mini Stripped Warped Stem (Horizontal)', 'color': 'white', 'italic': false}",
      "note_block_sound": "minecraft:block.stem.hit",
      "profile": {
        "properties": [
          {
            "name": "textures",
            "value": "eyJ0ZXh0dXJlcyI6eyJTS0lOIjp7InVybCI6Imh0dHA6Ly90ZXh0dXJlcy5taW5lY3JhZnQubmV0L3RleHR1cmUvZGFhNTg2NDk2NjFlOTg0YTA0YWQ4OTlkOTU3YWI0OTA2ODEzNjU3ODg2MGZlOGY3ODkyMWQyMTk0MDgzNjRlZiJ9fX0="
          }
        ]
      }
    }
  }
}