{
  "type": "minecraft:stonecutting",
  "ingredient": {
    "item": "minecraft:stripped_acacia_log"
  },
  "result": {
    "count": 8,
    "id": "minecraft:player_head",
    "components": {
      "custom_name": "{'text': 'Mini Stripped Acacia Log', 'color': 'white', 'italic': false}",
      "note_block_sound": "minecraft:block.wood.hit",
      "profile": {
        "properties": [
          {
            "name": "textures",
            "value": "eyJ0ZXh0dXJlcyI6eyJTS0lOIjp7InVybCI6Imh0dHA6Ly90ZXh0dXJlcy5taW5lY3JhZnQubmV0L3RleHR1cmUvZTQ4YzVmMGExZmM5ZWMxYTk1OGQ2NzM4ZmE1M2FhNDI1ZjIyNGNkOTUyYzk4M2RmNzY5OGRhMDkyZDEzMmQ3OCJ9fX0="
          }
        ]
      }
    }
  }
}