{
  "type": "minecraft:stonecutting",
  "ingredient": {
    "item": "minecraft:terracotta"
  },
  "result": {
    "count": 8,
    "id": "minecraft:player_head",
    "components": {
      "custom_name": "{'text': 'Mini Terracotta', 'color': 'white', 'italic': false}",
      "note_block_sound": "minecraft:block.stone.hit",
      "profile": {
        "properties": [
          {
            "name": "textures",
            "value": "eyJ0ZXh0dXJlcyI6eyJTS0lOIjp7InVybCI6Imh0dHA6Ly90ZXh0dXJlcy5taW5lY3JhZnQubmV0L3RleHR1cmUvZmRkMWJkYjk0MWJkNjkyOGZhMDFlM2NkY2E2MzdhZjViNjFmYmNiYWZhZTk2MmQ0MTQzMDQ5MTUzYjA3NThhMyJ9fX0="
          }
        ]
      }
    }
  }
}