{
  "type": "minecraft:stonecutting",
  "ingredient": {
    "item": "minecraft:tnt"
  },
  "result": {
    "count": 8,
    "id": "minecraft:player_head",
    "components": {
      "custom_name": "{'text': 'Mini TNT', 'color': 'white', 'italic': false}",
      "note_block_sound": "minecraft:entity.tnt.primed",
      "profile": {
        "properties": [
          {
            "name": "textures",
            "value": "eyJ0ZXh0dXJlcyI6eyJTS0lOIjp7InVybCI6Imh0dHA6Ly90ZXh0dXJlcy5taW5lY3JhZnQubmV0L3RleHR1cmUvZjA4OWY3OWUxZjc0ZTM3MGRjM2U2MWJhYWIyNmVlNzkzNWEyYTM4MTM4MGE0ZjJlOWRlMGY1YjBhNTI2ZTBhOCJ9fX0="
          }
        ]
      }
    }
  }
}