{
  "type": "minecraft:stonecutting",
  "ingredient": {
    "item": "minecraft:tuff"
  },
  "result": {
    "count": 8,
    "id": "minecraft:player_head",
    "components": {
      "custom_name": "{'text': 'Mini Tuff', 'color': 'white', 'italic': false}",
      "note_block_sound": "minecraft:block.tuff.hit",
      "profile": {
        "properties": [
          {
            "name": "textures",
            "value": "eyJ0ZXh0dXJlcyI6eyJTS0lOIjp7InVybCI6Imh0dHA6Ly90ZXh0dXJlcy5taW5lY3JhZnQubmV0L3RleHR1cmUvYjZkNzQ4M2Q5ZTY5Yjc5Nzg5NTg4NjllMjI2OGU1OTE5NDAxYzY3NTJlM2Y2MmYxYWNmYzNjYTlkYmY0MjllYiJ9fX0="
          }
        ]
      }
    }
  }
}