{
  "type": "minecraft:stonecutting",
  "ingredient": {
    "item": "minecraft:verdant_froglight"
  },
  "result": {
    "count": 8,
    "id": "minecraft:player_head",
    "components": {
      "custom_name": "{'text': 'Mini Verdant Froglight', 'color': 'white', 'italic': false}",
      "note_block_sound": "minecraft:block.froglight.hit",
      "profile": {
        "properties": [
          {
            "name": "textures",
            "value": "eyJ0ZXh0dXJlcyI6eyJTS0lOIjp7InVybCI6Imh0dHA6Ly90ZXh0dXJlcy5taW5lY3JhZnQubmV0L3RleHR1cmUvNmIyMGI5MGY3OWZmYWRjZDdmM2NmMTlhNzNjMzcxZmQ0ZThmMjZkNjk4N2RkMjZhYzZjYjc0YWM2MTQ0NzZiMyJ9fX0="
          }
        ]
      }
    }
  }
}