{
  "type": "minecraft:stonecutting",
  "ingredient": {
    "item": "minecraft:warped_slab"
  },
  "result": {
    "count": 4,
    "id": "minecraft:player_head",
    "components": {
      "custom_name": "{'text': 'Mini Warped Planks', 'color': 'white', 'italic': false}",
      "note_block_sound": "minecraft:block.nether_wood.hit",
      "profile": {
        "properties": [
          {
            "name": "textures",
            "value": "eyJ0ZXh0dXJlcyI6eyJTS0lOIjp7InVybCI6Imh0dHA6Ly90ZXh0dXJlcy5taW5lY3JhZnQubmV0L3RleHR1cmUvOWQzYzNjZWJlMDZlMGRkZDljYzRhOTBlYzQ1Y2FjZGVjM2QxODU1ZGFmYzliODVhNTIzNDI3MGYwNmZmNzY0MyJ9fX0="
          }
        ]
      }
    }
  }
}