{
  "type": "minecraft:stonecutting",
  "ingredient": {
    "item": "minecraft:weathered_copper"
  },
  "result": {
    "count": 8,
    "id": "minecraft:player_head",
    "components": {
      "custom_name": "{'text': 'Mini Weathered Copper', 'color': 'white', 'italic': false}",
      "note_block_sound": "minecraft:block.copper.hit",
      "profile": {
        "properties": [
          {
            "name": "textures",
            "value": "eyJ0ZXh0dXJlcyI6eyJTS0lOIjp7InVybCI6Imh0dHA6Ly90ZXh0dXJlcy5taW5lY3JhZnQubmV0L3RleHR1cmUvZGE1N2U0NmViMWVhZDkwNzFjZDhkNjEzYTgxY2Q1NWM1OTMxY2I2ZGJhZTRkZmJmMTQ1OGYyOGY5OWVlN2Y0NCJ9fX0="
          }
        ]
      }
    }
  }
}