{
  "type": "minecraft:stonecutting",
  "ingredient": {
    "item": "minecraft:wet_sponge"
  },
  "result": {
    "count": 8,
    "id": "minecraft:player_head",
    "components": {
      "custom_name": "{'text': 'Mini Wet Sponge', 'color': 'white', 'italic': false}",
      "note_block_sound": "minecraft:block.wet_sponge.hit",
      "profile": {
        "properties": [
          {
            "name": "textures",
            "value": "eyJ0ZXh0dXJlcyI6eyJTS0lOIjp7InVybCI6Imh0dHA6Ly90ZXh0dXJlcy5taW5lY3JhZnQubmV0L3RleHR1cmUvYzg4ZTU3MjUxZDY3NzliZDkyZGE5OTY1NDg4YTg3YjU2NjE0YTRiNmY1ZDhiNTc1MDVjNzJjZjVhOGVkMTdlYyJ9fX0="
          }
        ]
      }
    }
  }
}