{
  "type": "minecraft:stonecutting",
  "ingredient": {
    "item": "minecraft:yellow_wool"
  },
  "result": {
    "count": 8,
    "id": "minecraft:player_head",
    "components": {
      "custom_name": "{'text': 'Mini Yellow Wool', 'color': 'white', 'italic': false}",
      "note_block_sound": "minecraft:block.wool.hit",
      "profile": {
        "properties": [
          {
            "name": "textures",
            "value": "eyJ0ZXh0dXJlcyI6eyJTS0lOIjp7InVybCI6Imh0dHA6Ly90ZXh0dXJlcy5taW5lY3JhZnQubmV0L3RleHR1cmUvM2RhMjlmZTIzYjY5Zjc2YmM0OTQ3NDEwMjIyNmIwNjk5Y2EyYTVhZDExZjdhNDg1NDJiMTNhZDljYWJhZjg5ZCJ9fX0="
          }
        ]
      }
    }
  }
}