{
  "type": "minecraft:stonecutting",
  "ingredient": {
    "item": "minecraft:yellow_shulker_box"
  },
  "result": {
    "count": 8,
    "id": "minecraft:player_head",
    "components": {
      "custom_name": "{'text': 'Mini Yellow Shulker Box', 'color': 'white', 'italic': false}",
      "note_block_sound": "minecraft:block.shulker_box.open",
      "profile": {
        "properties": [
          {
            "name": "textures",
            "value": "eyJ0ZXh0dXJlcyI6eyJTS0lOIjp7InVybCI6Imh0dHA6Ly90ZXh0dXJlcy5taW5lY3JhZnQubmV0L3RleHR1cmUvZTc4MGZlZmY3MTU0MWJmNmViNDM2OGU3MjZmODY4ODcxY2M1NDlmMjU5OWQ0NWNjMGUxYzcyOTgyNWZlZTlkZiJ9fX0="
          }
        ]
      }
    }
  }
}