{
  "type": "minecraft:stonecutting",
  "ingredient": {
    "item": "minecraft:yellow_stained_glass"
  },
  "result": {
    "count": 8,
    "id": "minecraft:player_head",
    "components": {
      "custom_name": "{'text': 'Mini Yellow Stained Glass', 'color': 'white', 'italic': false}",
      "note_block_sound": "minecraft:block.glass.break",
      "profile": {
        "properties": [
          {
            "name": "textures",
            "value": "eyJ0ZXh0dXJlcyI6eyJTS0lOIjp7InVybCI6Imh0dHA6Ly90ZXh0dXJlcy5taW5lY3JhZnQubmV0L3RleHR1cmUvYzlhMGU1MTMzZGZjZDM2YzA2ODgwZDk4MzhkZGQ2NzY4MTRiN2Q1YTcwNTBlMjQxYTc5NmZmMTFhOWU0YzY2In19fQ=="
          }
        ]
      }
    }
  }
}